,simpleText,author,isReply
0,"Thank you for this..... After failing Maths in the 1970s, channels like yours have helped me to ""have a go""‚Äînot for a career but to prevent cognitive decline. I may not understand it all, but that's okay; for me, just trying is important.",@tx3851,FALSE
1,That‚Äôs really amazing to hear Tx!,@LunarTech_ai,TRUE
2,"I have failed too back in 2015, specifically in Calculus, and it caused me to even change Major. I returned 7 years later with Calculus again back in college and back in my previous Major, not understanding a single bit. I can tell you that on the first lecture, if you said something in Chinese to me, I'd manage to pick something up, but from what the professor said, I wouldn't. I strongly believed that there is not a single chance I'd pass that course. Long story short, after hard work and dedication and believing in myself, I ended with an A+. Mathematics are for everyone, all you need to do is sit down and solve some exercises yourself, make some mistakes, re-think it, see the solution if you can't manage it, cover it and re-try yourself again. Over and over and over. Understanding mathematics of any level needs nothing more, nothing less. Keep up the good work sir.",@dev77cmd,TRUE
3,"me, too. Lets give LA a second try !",@beerensaft413,TRUE
4,in india we learn this in 11th and 12th standard,@riju1956,FALSE
5,And they teach personal hygiene only after you graduate! üòÖüòÖüòÖüòÖüòÖ,@ahafeel,TRUE
6,‚Äã¬†@ahafeel¬† wildüò≠,@user-fx4bt9lb4z,TRUE
7,‚Äã¬†@ahafeel¬† Age 24??!!üòÇüòÖüòÖ,@timestoryx,TRUE
8,P@jeet spotted,@vult07,TRUE
9,It's like doing kindergarten work in IEP class in high school,@tamekkaknuth9612,TRUE
10,‚Äã¬†@vult07¬†pork! spotted,@vadcrch,TRUE
11,"Nobody cares. You have still cast system and very very population, you firstly need to learn basic stuff rather than linear algebra",@vadka1997,TRUE
12,"Don‚Äôt get too proud but I do think this should be the standard for all education systems. 19th century Europeans that were educated in mathematics took on this level of material by age 12 and I think that probably the limit to advanced study, at least a nice standard for us",@ryansamuel8835,TRUE
13,¬†@ahafeel¬†the white people who made this stereotype use ‚ÄúIndian‚Äù since they can‚Äôt tell the difference between brown Indians/pakistanis/arabs. It‚Äôs an insult to ALL of us. But since we‚Äôre playing this game every muslim I‚Äôve met smells like they came directly from a slaughterhouse.,@bhaveerathod2373,TRUE
14,"‚Å†‚Äã‚Å†¬†@vadka1997¬†what kind of terrible points are those? üòÇ 1. High population And 2. Caste system How do those points relate to learning ‚Äúbasic stuff‚Äù According to you, we cannot learn linear algebra since we have to focus on population size and caste system? Stupidest comment I‚Äôve read today, here‚Äôs your trophy: üèÜ",@bhaveerathod2373,TRUE
15,Krwali beyzati he Jagah apni bhkti na dikhaya kro,@aslamkhan8362,TRUE
16,¬†@ahafeel¬† W,@realcirno1750,TRUE
17,¬†@vadka1997¬†and we also know our gender,@Prakhar-pr6kz,TRUE
18,¬†@vadka1997¬†caste system? I think you‚Äôre stuck in 1947,@Prakhar-pr6kz,TRUE
19,¬†@Prakhar-pr6kz¬† probably you are living in rich family not in village,@vadka1997,TRUE
20,And it‚Äôs doing absolutely nothing for the lot of you because you‚Äôre running away in droves elsewhere.   Stfu.,@TheSublimeLifestyle,TRUE
21,"That's what I was looking for, thank you.",@backfromyourdream,FALSE
22,"If I had a mathemtics teacher like that , I would love to do the class , even on Sunday.",@SDRicky,FALSE
23,Thank you very much for this crash course!,@akshatpratapsingh5476,FALSE
24,Excellent class.  Great course.,@MarioRossibless,FALSE
25,Thank you for your feedback üôåüèª Mario,@LunarTech_ai,TRUE
26,"Lovely tutorial, It would be even more interesting if the tutor was actually showing on the side of the video the whole time, So to make things more interactive. üòá",@surkewrasoul4711,FALSE
27,Great video.,@JHillMD,FALSE
28,Thank you for sharing. Great content.,@proudmoroccan8164,FALSE
29,Thank you for your feedback ‚ù§Ô∏è,@LunarTech_ai,TRUE
30,thank you for sharing!,@chyldstudios,FALSE
31,Best!,@dantedt3931,FALSE
32,"Do we have something similar for Calculus , Statistics for probability....?",@KumR,FALSE
33,"Hi Kum, We do - please check https://academy.lunartech.ai/product/fundamentals-to-statistics",@LunarTech_ai,TRUE
34,"By YouSum Live  00:00:00  Linear algebra fundamentals for AI and data science 00:01:50  Importance of mastering vectors in linear algebra 00:02:20  Applications of vectors in data science and AI 00:05:17  Solving linear systems using matrices and Gaussian elimination 00:10:40  Understanding determinants, inverses, and matrix transformations 00:20:01  Practical applications of matrix inverses in machine learning 00:20:51  Introduction to advanced linear algebra 00:20:59  Explore fundamental linear algebra topics 00:21:01  Understand vector spaces and projections 00:21:07  Dive into matrix factorization techniques 00:21:13  Learn about QR decomposition 00:21:15  Comprehend eigenvalue decomposition 00:21:27  Delve into singular value decomposition (SVD) 00:26:12  Grasp the concept of real numbers and vector spaces 00:30:26  Define norms and their significance 00:32:26  Differentiate between norm and Euclidean distance 00:40:24  Apply norms and Euclidean distance in machine learning 00:42:19  Emphasize the importance of prerequisites in understanding linear algebra 00:43:10  Linear algebra fundamentals for real-world applications 00:43:29  Mastering theory, examples, and must-know concepts 00:44:42  Efficient learning approach for practical application readiness 00:44:47  Foundations of vectors: theory, practice, and representation 00:45:10  Vectors: magnitude, direction, and common notations 00:45:56  Scalers vs. vectors: single numeric volume vs. magnitude-direction 00:50:16  Vector representation in 2D space: magnitude and direction 00:51:57  Pythagorean theorem for vector magnitude calculation 00:56:34  Common ways to represent vectors in different dimensional spaces 01:02:03  Vectors in n-dimensional space: notation and indexing 01:07:30  Understanding Vectors and Matrices 01:07:51  Defining vectors and matrices 01:09:10  Nested vectors and matrices 01:16:18  Special vectors: zero and unit vectors 01:19:00  Sparsity in vectors 01:28:18  Applications of vectors in word counting 01:30:42  Importance of word frequency in document analysis 01:31:20  Utilizing word counts for sentiment analysis 01:32:52  Stop words impact on document understanding 01:35:42  Application of word frequency in various contexts 01:36:35  Role of vectors in customer purchase representation 01:40:33  Vector addition and subtraction fundamentals 01:45:46  Generalization of vector addition and subtraction 01:53:22  Visualization of vector addition in a coordinate space 01:57:19  Introduction to vector addition properties 01:57:49  Commutative property: order of vectors doesn't matter 01:58:14  Associative property: order of addition doesn't affect result 01:58:52  Addition of zero vector has no impact 01:59:13  Subtracting a vector from itself results in zero vector 02:15:26  Scalar multiplication: scaling vector's magnitude 02:21:41  Effect of scalar multiplication by zero on any vector 02:24:31  Understanding scalar vector multiplication 02:25:01  Audio volume adjustment through scalar multiplication 02:26:04  Visualizing scalar multiplication in audio processing 02:32:02  Geometric interpretation of scaling vectors 02:40:30  Dot product's role in linear algebra 02:40:42  Dot product as a measure of vector extension 02:42:34  Dot product's relation to vector length 02:45:52  Applying Pythagorean theorem to vector lengths 02:48:01  Understanding the concept of dot product 02:49:04  Applying Pythagorean theorem to find vector length 02:50:21  Relating dot product to vector length 02:55:42  Generalizing dot product to n-dimensional vectors 02:56:50  Defining dot product for n-dimensional vectors 02:57:02  Explaining the concept of transpose in dot product 03:00:01  Calculating dot product for 3-dimensional vectors 03:06:00  Interpreting dot product as a measure of similarity 03:09:00  Applying cosine rule to understand dot product geometrically 03:13:06  Understanding the dot product concept 03:13:40  Recognizing the dot product as a distance measure 03:14:48  Applying dot product to vector lengths 03:20:38  Utilizing dot product for similarity calculations 03:23:24  Exploring inner product in abstract vector spaces 03:24:26  Understanding Cauchy-Schwarz inequality 03:30:40  Importance of Cauchy-Schwarz inequality in various fields 03:33:01  Significance of norm being zero in vectors 03:37:10  Introduction to matrices and linear systems 03:37:42  Introduction to linear systems in linear algebra 03:38:20  Linear systems enable efficient problem-solving in computing 03:38:30  Representation of general linear systems with M equations 03:39:01  Understanding the linear combination of vectors 03:41:20  Importance of systematic coefficient labeling in matrices 03:43:51  Differentiation between homogeneous and nonhomogeneous systems 03:54:00  Definition and structure of matrices in mathematics 04:04:12  Introduction to matrix dimensions 04:05:03  Understanding matrix structure and indices 04:05:29  Importance of matrix dimensions in mathematics 04:06:30  Significance of dimensions in data science 04:10:10  Matrix operations: addition, subtraction, scalar multiplication 04:11:13  Matrix addition: corresponding elements addition 04:12:16  Matrix subtraction: corresponding elements subtraction 04:13:08  Scalar multiplication of a matrix 04:23:01  Matrix multiplication: product of two matrices 04:29:12  Introduction to matrix multiplication 04:29:24  Matrix C obtained by multiplying matrices A and B 04:30:18  Dimension of matrix C determined by dimensions of A and B 04:31:32  Computing elements of matrix C using dot product 04:37:05  Detailed calculation example of matrix multiplication 04:44:36  Importance of solving linear systems with matrices 04:49:59  Applications of solving linear systems beyond mathematics 04:51:01  Linear systems representation and importance 04:53:44  Transformation of linear systems into matrices and vectors 04:54:11  Linear algebra application in solving systems of equations 04:54:24  Matrix representation compactly expresses linear systems 04:55:02  Understanding dimensions crucial for matrix operations 04:55:32  Introducing column vectors for efficient matrix multiplication 04:56:01  Transitioning linear equations into matrix-vector products 04:57:07  Consolidating equations into coefficient matrix and vector form 04:57:44  Simplifying system of equations using matrix notation 05:00:13  Importance of matrix notation for solving complex equations 05:17:52  Gaussian elimination method for systematic linear system solutions 05:18:51  Introduction to coefficient Matrix 05:19:00  Formation of argumented coefficient Matrix 05:20:29  Understanding dimensions of the new Matrix 05:22:32  Significance of argumented Matrix in solving equations 05:31:06  Transition to row Echelon form explanation 05:33:11  Definition and importance of reduced row Echelon form 05:35:52  Practical application through example problems 05:37:02  Step-by-step transformation into argumented Matrix 05:40:01  Gaussian elimination for row operations 05:44:50  Introduction to Gaussian elimination method 05:45:02  Eliminating elements to reach row echelon form 05:46:00  Using row operations to manipulate the matrix 05:49:19  Achieving zeros in specific positions 05:49:56  Transitioning to reduced row echelon form 05:57:02  Identifying unique solutions in reduced form 06:00:06  Explaining solutions in homogeneous and nonhomogeneous systems 06:01:15  Solving a system with unique solutions 06:09:19  Applying Gaussian elimination to a new system 06:12:30  Indications of infinite solutions in matrix operations 06:14:32  Transition from row echelon to reduced row echelon form 06:18:47  Expressing solutions as linear combinations of unknowns 06:25:00  Sponsorship message from Lunarch promoting tech education 06:26:41  Encouragement for innovation and leveraging AI's potential  By YouSum Live",@ReflectionOcean,FALSE
35,üëç,@TeslaElonSpaceXFan,FALSE
36,She si so beautiful I cant really concetrate on topic :P,@beloaded3736,FALSE
37,But u r trashüò¢,@SDRicky,TRUE
38,¬†@SDRicky¬† Why you have said that?,@beloaded3736,TRUE
39,¬†@beloaded3736¬† because her face reminds me the beauty of full moon,@SDRicky,TRUE
40,Great course but too much repetition.,@zebulunkehndo42,FALSE
41,"Hi Zebulun. Thank you for feedback, can you please clarify what you mean by repetition",@LunarTech_ai,TRUE
42,"¬†@LunarTech_ai¬† You repeat previously covered material when all you need to do is say, in the last topic we found that ‚Ä¶. eg Euclidean Distance was defined as ..   Now a Dot product of itself is similar because ..   Explain that in effect we are R2 without the square root.  Done.  No need to keep on.  Concise is what you want.  Not ad nauseum‚Ä¶",@pentachronic,TRUE
43,"I would also suggest you use a better whiteboard as some symbols you write aren‚Äôt clear (eg = looks like a 2).  Also keep consistent colours.  Red for underlining, Blue for examples, Green for Definitions, etc.   Put double boxes around definitions or derived formulas that are important.",@pentachronic,TRUE
44,¬†@pentachronic¬† thank you for taking the time for all the comments and suggestion!,@LunarTech_ai,TRUE
45,¬†@LunarTech_ai¬† You‚Äôre welcome.  Great content and subject material BTW. I hope it helps you become more efficient with your time and explanations.,@pentachronic,TRUE
46,Mersi Tatev jan,@armotxa124,FALSE
47,It's a shame that you don't have like 100K likes. Excellent material!,@leandrofahur_,FALSE
48,üôåüèª‚ù§Ô∏è,@LunarTech_ai,TRUE
49,"I m stupid in the math, but your courses motivated me to learn it ‚ò∫Ô∏è.",@deniscozma2207,FALSE
50,Great to hear you find our courses motivating Denis!,@LunarTech_ai,TRUE
51,"¬†@LunarTech_ai¬† the material is explained quite simply, I hope you add as many courses as possible, they are very well structured and help you understand mathematics better than how they teach in school",@deniscozma2207,TRUE
52,¬†@deniscozma2207¬† thank you very much and we are definitely working on it Denisüëèüèª‚ù§Ô∏è,@LunarTech_ai,TRUE
53,the first 30 mins are wasting everybodys time coz if they know what you are talking about they don't need to learn,@adenwhw,FALSE
54,"Thanks for your feedback Aden. The first 30 min is intended to provide the RoadMap on what they must learn from Linear Algebra in general, we learned that this works the best for students.   This course doesn‚Äôt covers everything from RoadMap but just small portion, yet we want to provide this knowledge to you all.",@LunarTech_ai,TRUE
55,"¬†@LunarTech_ai¬† All that is needed is an Index and a brief description of the topics at hand.  The material will unfold as you discuss it.  You can then have a summary at the END of the coarse, not the BEGINNING.",@pentachronic,TRUE
56,"Make videos on other mathematics topics like probability,statistics and calculas‚ù§",@GuruPrasad-is5pu,FALSE
57,We so have quite a lot of Statistics courses at LunarTech.ai in LunarTech Academy - please check it out!,@LunarTech_ai,TRUE
58,great!!,@igmeMarcial,FALSE
59,"Great content and detailed explanations, thanks. FYI: on 4:44:42 (Matrix Multiplication: Example 2) the result is [20,36] [36,68] ...not 66",@BugMateo,FALSE
60,Thank you for pointing put the type on the slides Mateo‚ù§!,@LunarTech_ai,TRUE
61,"wow, THANK YOU üòÄ",@victorpineiro1304,FALSE
62,"Thank you for the great course. If you do not mind a suggestion, try to improve your penmanship, which is frankly atrocious. Keep up the goof work!",@okarakoo,FALSE
63,"all love and support ,madam‚ô•",@Singlton,FALSE
64,Thank you üôåüèª,@LunarTech_ai,TRUE
65,"Amazing course , this took me 20 years back when i was a university student in engineering faculty .  i have a question , i'm 41 years old , and i want to study Data science , do you think it is too late for me ? i just felt in love with this field and i believe i can do it , what do you think ? thank you",@DataEngineeringArabic,FALSE
66,"Thank you üôèüèª and of course, it‚Äôs never later to start with Data Science - with Data Engineering background and motivation to learn Math and Data Science you can absolutely do it! We would be happy to help as well. Best of luck",@LunarTech_ai,TRUE
67,Old people can't learn?,@ladyville3,TRUE
68,¬†@ladyville3¬† Ofcourse they can ‚ò∫Ô∏è,@LunarTech_ai,TRUE
69,üíñüåπ,@camryhsalem5139,FALSE
70,‚ù§‚ù§‚ù§‚ù§‚ù§,@user-vy5hf4ei1x,FALSE
71,Please does LunarTech offer free courses ?,@franklinbethel-je4ym,FALSE
72,Type of girl that I like. :),@marko90000,FALSE
73,grow up,@cliffcarr2027,TRUE
74,I am interested in meeting such professors......but not lucky yet to meet them....leave a contact or email for more communications....,@BablessBah-Ameen,FALSE
75,Hello! I'm thrilled to tell that im really impressed with your Udemy course.  Our offer is to help increase enrollments and generate positive reviews plus more revenue. Let's connect & explore customized strategies to elevate the course even further. I'm eager to discuss on this exciting opportunity,@user-zk9bo3yr4n,FALSE
76,You are such an amazing and patient teacher. Your presentation is wonderful. God bless you.,@solomononuchefaruna5022,FALSE
77,Thank you very much Solomon! We are glad you found Tatev‚Äôs explanation so good.,@LunarTech_ai,TRUE
78,"This is video is gold. I wanted to learn machine learning as a beginner and this video literally cleared my mind. After watching this video, I have a clear vision and now I can proceed further on my own. One suggestion, in future please start a series where you teach machine learning from basic to advance. Thanks a lot.",@abhisheksharma10600,FALSE
79,"Thank you @RevoProgramming ! We really appreciate your feedback.   There is already such course where Tatev teaches Machine Learning End-to-End (from basic to advance) it‚Äôs called ‚ÄúFundamentals of Machine Learning‚Äù at https://courses.lunartech.ai/courses/machine-learning  It covers everything and in detail, from Basics till Boosting techniques and more.",@LunarTech_ai,TRUE
80,Please make video on genAi  Your explanation is great,@sahilbhoi1443,FALSE
81,Thank you Sahil for your feedback and request. We will definitely take into consideration.,@LunarTech_ai,TRUE
82,Thank you!,@backfromyourdream,FALSE
83,Thank you very much,@mikaznavodya9300,FALSE
84,Thanks for slime and very helpful explanation. Excellent work.,@karenbobo-yi8lw,FALSE
85,Thank you for your feedback üíõ,@LunarTech_ai,TRUE
86,What about the rest algorithms,@datawithtess,FALSE
87,"Please check the the end of the video where Tatev provides the next steps, and resources to learn all the other algorithms.  You can check our course - Fundamentals to Machine Learning https://courses.lunartech.ai/courses/machine-learning that covers it all",@LunarTech_ai,TRUE
88,Thank you LunarTech üéâ,@AnnaLi-kz5fm,FALSE
89,Thanks ‚ù§‚ù§,@AmrMoursi-sm3cl,FALSE
90,"Followed instructions and discussion closely, looked up many points and issues on the web; the course was worth the effort and I learned a lot. It‚Äôs my second ML tutorial; much deeper and longer than the first. Obviously the instructor is the real deal: an experienced professional data scientist (see LinkedIn and GitHub accounts). Consequently, the course is very broad and detailed at the same time; not the usually 25-minute fluff-piece ‚ÄúHere‚Äôs Machine Learning!‚Äù
 
 My comments:
 - first half of course is theory; I started with the case study and looked at the earlier material as needed.
 - presentation leans toward the data science side of AI rather than the machine learning side.
 - causal and interpretive analysis is emphasized over predictive analysis.
 - python level is low to moderate.
 - no response to comments for two months.
 - the YouTube transcription bot and I had about equal trouble with the accent; only occasional repeats needed.
 
 A good course for someone like me: background in software engineering, medium Python level, some earlier ML study, videos, and a tutorial. IMHO NOT for beginners in any of those areas.",@jimaustin3608,FALSE
91,Thank you for your detailed feedback Jim! We are glad you found this course helpful and followed it to the end. You observations are valuable for us. ‚ù§Ô∏è,@LunarTech_ai,TRUE
92,The most beautiful math teacher I've never had during my elementary and  high school times....,@MrCarloshazevedo,FALSE
93,"Wonderfully explained complex topics..With due regards Ma'am.. Please allow me to point out a small correction in the slide content at time stamp 1:07:28 .. The ""Reducible"" error rate should be :- E ( f(x) - f^(x) ) ^2 .. It should be Expectation of that quantity.. You might have missed it by mistake Ma'am .. and please correct me if I am wrong .. I would appreciate it ! üòä",@s-20anandyadav31,FALSE
94,Passing by to thank you for your great quality content for the development community! Real gratitude!,@Ninopssilva,FALSE
95,Thank you very much for your feedback!,@LunarTech_ai,TRUE
96,"Facing self-doubt, this course was a turning point. LunarTech's comprehensive curriculum and supportive community laid the groundwork for my transformation from a hopeful learner to a proficient, and ultimately, a standout software engineer.",@GaelAlvarezcalderon,FALSE
97,"Dear Gael, We at LunarTech are so happy to hear that our course helped you as Software Engineer to get into Machine Learning.  Thank you for your feedback and sharing your story!",@LunarTech_ai,TRUE
98,"Hi, ma'am my name is sumit. . I am 19years old. Currently pursuing my bachelor in science maths honours. Ma'am I also tried to get into data science and started with sql. But it so much complicated that ultimately I had to give up. Now I am thinking to get into java full stack. Please make complete guidance video on java full stack and dsa.",@SumitPal-sb9uy,FALSE
99,simpleText,author,isReply
100,Thank you so much!,@backfromyourdream,FALSE
101,üíõ,@LunarTech_ai,TRUE
102,"just one advice, plz keep the background white, cant see anything on black background.",@arunmishra3691,FALSE
103,Thank you for suggestion Arun! We have been indeed experimenting with different backgrounds and white backgrounds is winning üèÖ so far. Please check this one the last 2 projects especially https://youtu.be/XSKDrT2xScA?si=J98CK1k1sW17UVTg,@LunarTech_ai,TRUE
104,There are  no code in the github link,@VivaldiB,FALSE
105,"Actually, the link to Python Code in Google Collab is in the github repo. In the Repository in the README file there is a link under caption ""Python Notebook- Google Collab""",@LunarTech_ai,TRUE
106,Thanks for slime and very helpful explanation. Excellent work.,@karenbobo-yi8lw,FALSE
107,Thank you for your feedback üôèüèª,@LunarTech_ai,TRUE
108,Make more machine learning and deeplearning tutorials mam,@Nanami-fm4rb,FALSE
109,We have got a lot more in store!,@LunarTech_ai,TRUE
110,I love the content.,@Valeria.N817,FALSE
111,"Glad to hear, Valeria, you love our content!",@LunarTech_ai,TRUE
112,"Hi, your content is really helpful Just one question I can't find the github files Can you please update the files",@RinkumoniKhanikar,FALSE
113,Thank you! Please check the GitHub again in next 24hour!,@LunarTech_ai,TRUE
114,Thank you for  motivation  I'm from the Great Moroccan Empire üá≤üá¶ü¶Å,@Classicartist169,FALSE
115,"Thanks for that, lovely. If I may make a suggestion? The font in your coding is so small that I left the tutorial less than half way though; I had difficulty reading the script. Is there a way you can enlarge the script for or in the next tutorial? Thanks",@BN-hy1nd,FALSE
116,Thank you very much for your suggestion! We have received this feedback before and have adjusted all the fonts üòå‚ò∫Ô∏è The existing courses and all the new ones have the large fonts.,@LunarTech_ai,TRUE
117,"I am a Developer in MERN Stack, I haven't learnt it that well to get a job, Can I switch and try in this Field as I have completed graduation in CS. What are your thoughts",@intruder094,FALSE
118,Absolutely! As long as you have motivation and know what exactly you need to learn and how.,@LunarTech_ai,TRUE
119,Passing by to thank you for your great quality content for the development community! Real gratitude!,@Ninopssilva,FALSE
120,Very informative üëè,@RehanKhan-hi8ou,FALSE
121,Glad you liked our content Rehan!,@LunarTech_ai,TRUE
122,Awesome thx‚ù§,@sproutboot,FALSE
123,‚ù§‚ù§‚ù§‚ù§,@chinastickers4323,FALSE
124,good girl..getting u from africa,@mugomuiruri2313,FALSE
125,I am class 11th student can I study from your video,@Gupta_Ji_.,FALSE
126,Ofcourse! This course is for complete beginners. Happy Learning,@LunarTech_ai,TRUE
127,Maximum people watch on mobile...so kindly improve your text of coding more visible...,@Shriramkrishnhari,FALSE
128,"Thank you for your feedback veena, will make sure to improve this for our coming tutorials.",@LunarTech_ai,TRUE
129,¬†@LunarTech_ai¬† Thanks ‚ô•Ô∏è,@Shriramkrishnhari,TRUE
130,üôã‚ù§üëçüôèüèª,@Shriramkrishnhari,FALSE
131,Machine Learning Fundamentals Handbook: https://join.lunartech.ai/machine-learning-fundamentals,@LunarTech_ai,FALSE
131,I am class 11th student can I study from your video,@Gupta_Ji_.,FALSE
132,Of course! This course is for complete beginners. Happy Learning,@LunarTech_ai,TRUE
133,Can you suggest some resources for learning Python?,@AyeshaCode,FALSE
134,Sure! Check out our GitHub repository for free resources and code samples: github.com/LunarTech-ai/python-resources,@LunarTech_ai,TRUE
135,Is there a course on data structures?,@CodeMaster2000,FALSE
136,Yes, we have a comprehensive course on data structures on our YouTube channel. Visit our playlist for more details: youtube.com/LunarTech-ai/playlists,@LunarTech_ai,TRUE
137,Where can I find more tutorials on machine learning?,@ML_Enthusiast,FALSE
138,You can find more machine learning tutorials on our LunarTech.ai page: lunartech.ai/machine-learning,@LunarTech_ai,TRUE
139,Are there any free courses on web development?,@WebDevKid,FALSE
140,Yes, we offer several free web development courses on our YouTube channel. Check out the latest videos here: youtube.com/LunarTech-ai/webdev,@LunarTech_ai,TRUE
141,What is the best way to get started with AI?,@FutureAI_Fan,FALSE
142,For beginners, we recommend starting with our introductory AI course available on our YouTube channel. Also, explore our GitHub for additional resources: github.com/LunarTech-ai/intro-to-ai,@LunarTech_ai,TRUE
143,Do you have tutorials for advanced data analysis?,@DataGeek_21,FALSE
144,Absolutely! We have advanced data analysis tutorials on our LunarTech.ai page. Check them out here: lunartech.ai/advanced-data-analysis,@LunarTech_ai,TRUE
145,Any recommendations for learning JavaScript?,@JS_Learner,FALSE
146,We have a complete JavaScript course available for free on our YouTube channel. Happy coding!,@LunarTech_ai,TRUE
147,Can I access your course materials offline?,@OfflineLearner,FALSE
148,Yes, you can download our course materials from our GitHub repository: github.com/LunarTech-ai/course-materials,@LunarTech_ai,TRUE
149,Where can I find practice problems for coding?,@PracticeMakesPerfect,FALSE
150,You can find a variety of practice problems and challenges on our GitHub: github.com/LunarTech-ai/practice-problems,@LunarTech_ai,TRUE
151,Do you have any courses on React?,@ReactRookie,FALSE
152,Yes, we have a comprehensive React course on our YouTube channel. Check it out here: youtube.com/LunarTech-ai/react,@LunarTech_ai,TRUE
153,Can you recommend a book for learning AI?,@BookLover,FALSE
154,We recommend "Artificial Intelligence: A Modern Approach" by Stuart Russell and Peter Norvig. Also, check out our GitHub for supplementary resources: github.com/LunarTech-ai/ai-books,@LunarTech_ai,TRUE
155,How do I get started with data science?,@DataStarter,FALSE
156,Start with our introductory data science course on YouTube and explore our GitHub for practice datasets and projects: github.com/LunarTech-ai/data-science,@LunarTech_ai,TRUE
157,Any tips for improving coding skills?,@CodeImprover,FALSE
158,Practice regularly and participate in coding challenges. Check out our GitHub for practice problems: github.com/LunarTech-ai/coding-challenges,@LunarTech_ai,TRUE
159,Can I get a certificate after completing your courses?,@CertificateSeeker,FALSE
160,Yes, we offer certificates for completing our courses. Follow the instructions provided in each course to receive your certificate,@LunarTech_ai,TRUE
161,Where can I find your latest tutorials?,@TutorialHunter,FALSE
162,Our latest tutorials are available on our YouTube channel. Subscribe to stay updated: youtube.com/LunarTech-ai,@LunarTech_ai,TRUE
163,Do you offer any courses on ethical AI?,@EthicsEnthusiast,FALSE
164,Yes, we have a course on ethical AI practices on our YouTube channel. Visit our playlist for more details: youtube.com/LunarTech-ai/ethical-ai,@LunarTech_ai,TRUE
165,Can you help with my AI project?,@ProjectHelper,FALSE
166,We offer guidance through our tutorials and resources on GitHub. Post specific questions in the comments, and we'll try to help: github.com/LunarTech-ai/project-help,@LunarTech_ai,TRUE
167,Any free resources for learning data visualization?,@VizLearner,FALSE
168,Check out our free resources on data visualization on our GitHub: github.com/LunarTech-ai/data-viz,@LunarTech_ai,TRUE
169,Do you have tutorials on using TensorFlow?,@TensorFlowNewbie,FALSE
170,Yes, we have a series of TensorFlow tutorials available on our YouTube channel. Happy learning!,@LunarTech_ai,TRUE
171,Can I collaborate with you on a project?,@Collaborator,FALSE
172,We are open to collaborations. Please contact us through our LunarTech.ai page for more details: lunartech.ai/contact,@LunarTech_ai,TRUE
173,Where can I find your GitHub repository?,@GitHubSeeker,FALSE
174,Our GitHub repository is available here: github.com/LunarTech-ai. Feel free to explore and contribute!,@LunarTech_ai,TRUE
175,Do you have any live coding sessions?,@LiveCoder,FALSE
176,Yes, we occasionally host live coding sessions on our YouTube channel. Subscribe to stay notified: youtube.com/LunarTech-ai,@LunarTech_ai,TRUE
177,What topics are covered in your AI course?,@CuriousLearner,FALSE
178,Our AI course covers basics to advanced topics including machine learning, deep learning, and neural networks. Check out our YouTube channel for the full course,@LunarTech_ai,TRUE
179,Can I request a specific tutorial?,@TutorialRequester,FALSE
180,Yes, please leave your tutorial request in the comments or contact us through our LunarTech.ai page,@LunarTech_ai,TRUE
181,Are your courses updated regularly?,@UpdateChecker,FALSE
182,We strive to keep our courses up-to-date with the latest industry trends and technologies. Subscribe to our YouTube channel for the latest updates,@LunarTech_ai,TRUE
183,How do I set up my development environment for your courses?,@SetupHelper,FALSE
184,We provide setup guides in our tutorials and on our GitHub repository: github.com/LunarTech-ai/setup-guides,@LunarTech_ai,TRUE
185,Do you have a forum for students?,@ForumSeeker,FALSE
186,We are working on setting up a forum for discussions. Meanwhile, you can engage with us in the YouTube comments,@LunarTech_ai,TRUE
187,What software do I need for your data science course?,@SoftwareSeeker,FALSE
188,We recommend using Python with libraries like pandas, NumPy, and Matplotlib. All necessary tools are listed in our course descriptions,@LunarTech_ai,TRUE
189,Can I contribute to your GitHub projects?,@Contributor,FALSE
190,Yes, we welcome contributions! Please check our GitHub for guidelines: github.com/LunarTech-ai/contribute,@LunarTech_ai,TRUE
191,Do you offer internships?,@InternshipSeeker,FALSE
192,Currently, we do not offer internships, but stay tuned for future opportunities,@LunarTech_ai,TRUE
193,Can I get help with my code?,@CodeHelper,FALSE
194,Yes, please post your question in the comments or check out our GitHub for common issues: github.com/LunarTech-ai/code-help,@LunarTech_ai,TRUE
195,How do I access your premium courses?,@PremiumSeeker,FALSE
196,All our current courses are free on YouTube. Stay tuned for future premium content,@LunarTech_ai,TRUE
197,Are there any community events?,@EventSeeker,FALSE
198,We host community events occasionally. Subscribe to our YouTube channel and follow our LunarTech.ai page for updates,@LunarTech_ai,TRUE
199,What are the prerequisites for your machine learning course?,@MLBeginner,FALSE
200,A basic understanding of Python and statistics is recommended. Check out our introductory videos for more details,@LunarTech_ai,TRUE
201,Can you review my project?,@ProjectReviewer,FALSE
202,We provide feedback through our community channels. Post your project details in the comments,@LunarTech_ai,TRUE
203,Do you have a newsletter?,@NewsletterSeeker,FALSE
204,Yes, subscribe to our newsletter on LunarTech.ai for the latest updates,@LunarTech_ai,TRUE
205,Can I download your video lectures?,@Downloader,FALSE
206,YouTube allows downloading videos for offline viewing for premium users. For resources, visit our GitHub,@LunarTech_ai,TRUE
207,What tools do you use for teaching?,@ToolSeeker,FALSE
208,We use Jupyter Notebooks, VSCode, and various Python libraries. Details are provided in each course,@LunarTech_ai,TRUE
209,How do I join your Discord server?,@DiscordFan,FALSE
210,Join our Discord community through the invite link on our LunarTech.ai page,@LunarTech_ai,TRUE
211,Can I get a demo before enrolling?,@DemoSeeker,FALSE
212,We provide demo videos on our YouTube channel. Check out the playlist for introductory lessons,@LunarTech_ai,TRUE
213,What is the duration of your courses?,@DurationChecker,FALSE
214,Our courses vary in length from a few hours to several weeks. Each course description provides detailed information,@LunarTech_ai,TRUE
215,How can I provide feedback on your courses?,@FeedbackGiver,FALSE
216,We welcome feedback! Please leave your comments on our YouTube channel or contact us through our LunarTech.ai page,@LunarTech_ai,TRUE
217,Do you offer one-on-one tutoring?,@TutorSeeker,FALSE
218,Currently, we do not offer one-on-one tutoring, but our tutorials are designed to be comprehensive and easy to follow,@LunarTech_ai,TRUE
219,How often do you release new content?,@ContentWatcher,FALSE
220,We release new content weekly. Subscribe to our YouTube channel and follow our LunarTech.ai page for updates,@LunarTech_ai,TRUE
221,Can I get career advice from you?,@CareerSeeker,FALSE
222,Yes, we provide career advice through our YouTube videos and articles on LunarTech.ai,@LunarTech_ai,TRUE
223,What is the best way to contact you?,@ContactSeeker,FALSE
224,You can contact us through our LunarTech.ai page or leave a comment on our YouTube channel,@LunarTech_ai,TRUE
225,Can I attend your workshops?,@WorkshopFan,FALSE
226,We announce our workshops on our YouTube channel and LunarTech.ai page. Stay tuned for updates,@LunarTech_ai,TRUE
227,Do you offer scholarships?,@ScholarshipSeeker,FALSE
228,Currently, we do not offer scholarships, but we provide free access to all our courses,@LunarTech_ai,TRUE
229,How do I follow your updates?,@UpdateFollower,FALSE
230,Follow us on our YouTube channel and LunarTech.ai page for the latest updates,@LunarTech_ai,TRUE
231,Can I access your old courses?,@OldCourseFan,FALSE
232,Yes, all our courses are available on our YouTube channel,@LunarTech_ai,TRUE
233,Do you have a podcast?,@PodcastListener,FALSE
234,We are planning to launch a podcast soon. Stay tuned for updates,@LunarTech_ai,TRUE
235,What languages do you teach?,@LanguageLearner,FALSE
236,We teach various programming languages including Python, JavaScript, and more. Check out our YouTube channel for the full list,@LunarTech_ai,TRUE
237,Can I request a course on a specific topic?,@TopicRequester,FALSE
238,Yes, please leave your course request in the comments or contact us through our LunarTech.ai page,@LunarTech_ai,TRUE
239,How do I join your mailing list?,@MailingListSeeker,FALSE
240,Subscribe to our mailing list on LunarTech.ai,@LunarTech_ai,TRUE
241,What are the benefits of subscribing?,@SubscriberBenefits,FALSE
242,Subscribers get notified of new content, updates, and exclusive resources,@LunarTech_ai,TRUE
243,Can I donate to support your work?,@Donor,FALSE
244,Yes, donations are appreciated. Visit our LunarTech.ai page for more information,@LunarTech_ai,TRUE
245,Do you have a Patreon?,@PatreonSeeker,FALSE
246,We are planning to launch a Patreon soon. Stay tuned for updates,@LunarTech_ai,TRUE
247,Can I get a refund for a course?,@RefundSeeker,FALSE
248,All our courses are free, so no refunds are necessary,@LunarTech_ai,TRUE
249,How do I join your live sessions?,@LiveSessionSeeker,FALSE
250,Join our live sessions on YouTube. Subscribe to get notified of upcoming sessions,@LunarTech_ai,TRUE
251,Do you have a course on blockchain?,@BlockchainLearner,FALSE
252,Yes, we have a blockchain course available on our YouTube channel,@LunarTech_ai,TRUE
253,How do I start with competitive programming?,@CompetitiveProgrammer,FALSE
254,Start with our competitive programming tutorials on YouTube and practice problems on GitHub,@LunarTech_ai,TRUE
255,Can I suggest a video topic?,@VideoSuggester,FALSE
256,Yes, please leave your suggestion in the comments or contact us through LunarTech.ai,@LunarTech_ai,TRUE
257,Do you offer a Python crash course?,@PythonNewbie,FALSE
258,Yes, we have a Python crash course on our YouTube channel,@LunarTech_ai,TRUE
259,Can you provide mentorship?,@MentorshipSeeker,FALSE
260,Currently, we do not offer direct mentorship, but our tutorials are designed to guide you through learning,@LunarTech_ai,TRUE
261,What platforms do you recommend for coding practice?,@CodingPractice,FALSE
262,We recommend platforms like LeetCode, HackerRank, and our own GitHub repository for practice problems,@LunarTech_ai,TRUE
263,How do I download your course materials?,@MaterialsDownloader,FALSE
264,You can download course materials from our GitHub repository,@LunarTech_ai,TRUE
265,Do you have a Python library recommendation?,@PythonLibrary,FALSE
266,Yes, we recommend using libraries like pandas, NumPy, and scikit-learn for data science,@LunarTech_ai,TRUE
267,Can you help with my thesis project?,@ThesisHelper,FALSE
268,We provide resources and tutorials that might help. Check out our GitHub and YouTube channel,@LunarTech_ai,TRUE
269,Do you have a course schedule?,@ScheduleSeeker,FALSE
270,Our courses are available on-demand on YouTube. Check each course description for details,@LunarTech_ai,TRUE
271,Can I join your team?,@TeamJoiner,FALSE
272,Currently, we are not hiring, but keep an eye on our LunarTech.ai page for future opportunities,@LunarTech_ai,TRUE
273,What is your GitHub handle?,@GitHubSeeker,FALSE
274,Our GitHub handle is @LunarTech-ai. Check out our repositories for various resources,@LunarTech_ai,TRUE
275,Can you recommend a cloud platform?,@CloudSeeker,FALSE
276,We recommend platforms like AWS, Google Cloud, and Azure for cloud computing,@LunarTech_ai,TRUE
277,Do you have Docker tutorials?,@DockerLearner,FALSE
278,Yes, we have Docker tutorials on our YouTube channel. Happy learning!,@LunarTech_ai,TRUE
279,What are the prerequisites for your web development course?,@WebDevStarter,FALSE
280,A basic understanding of HTML, CSS, and JavaScript is recommended. Check out our introductory videos,@LunarTech_ai,TRUE
281,Can I get a shoutout?,@ShoutoutSeeker,FALSE
282,We appreciate your support! Stay active in our community for potential shoutouts,@LunarTech_ai,TRUE
283,How do I set up a virtual environment?,@VirtualEnvSetup,FALSE
284,We provide setup guides in our tutorials and on GitHub: github.com/LunarTech-ai/setup-guides,@LunarTech_ai,TRUE
285,What is your Twitter handle?,@TwitterFollower,FALSE
286,Follow us on Twitter @LunarTech_ai for the latest updates,@LunarTech_ai,TRUE
287,Can I attend your webinars?,@WebinarAttendee,FALSE
288,Yes, our webinars are announced on YouTube and our LunarTech.ai page. Stay tuned!,@LunarTech_ai,TRUE
289,Do you offer discounts for students?,@StudentDiscount,FALSE
290,All our courses are free, providing quality education to everyone,@LunarTech_ai,TRUE
291,How do I start a tech blog?,@TechBlogger,FALSE
292,Check out our guide on starting a tech blog on our LunarTech.ai page,@LunarTech_ai,TRUE
293,Do you have a course on cybersecurity?,@CyberSecurityLearner,FALSE
294,Yes, we have a cybersecurity course available on our YouTube channel,@LunarTech_ai,TRUE
295,What is the future of AI?,@FutureAIFan,FALSE
296,AI is evolving rapidly. Stay informed with our latest tutorials and articles on LunarTech.ai,@LunarTech_ai,TRUE
297,How do I prepare for tech interviews?,@InterviewPrep,FALSE
298,We provide interview preparation guides and practice problems on our YouTube channel and GitHub,@LunarTech_ai,TRUE
299,Can you explain blockchain?,@BlockchainFan,FALSE
300,Yes, check out our blockchain course on YouTube for detailed explanations,@LunarTech_ai,TRUE
